都道府県コード又は市区町村コード,NO,都道府県名,市区町村名,名称,名称_カナ,種別,住所,方書,緯度,経度,アクセス方法,駐車場情報,電話番号,内線番号,FAX番号,法人番号,団体名,認可等年月日,収容定員,受入年齢,利用可能曜日,開始時間,終了時間,利用可能日時特記事項,一時預かりの有無,URL,備考,待機児童（０歳）,待機児童数（1歳）,待機児童数（２歳）,待機児童数（３歳）,待機児童数（４歳）,待機児童数（５歳以上）,待機児童数（計）,緯度_bodik,経度_bodik
122041,1,千葉県,船橋市,家庭的保育者　清水,カテイテキホイクシャ　シミズ,家庭的保育事業所,千葉県船橋市山手2,,,,,,,,,,,,5,0歳～2歳,,,,,,,,0,0,0,,,,0,,
122041,2,千葉県,船橋市,家庭的保育者　桑原,カテイテキホイクシャ　クワハラ,家庭的保育事業所,千葉県船橋市松が丘5,,,,,,,,,,,,5,0歳～2歳,,,,,,,,0,0,0,,,,0,,
122041,3,千葉県,船橋市,家庭的保育者　片渕,カテイテキホイクシャ　カタフチ,家庭的保育事業所,千葉県船橋市新高根1,,,,,,,,,,,,3,0歳～2歳,,,,,,,,0,0,0,,,,0,,
122041,4,千葉県,船橋市,家庭的保育者　飯田,カテイテキホイクシャ　イイダ,家庭的保育事業所,千葉県船橋市田喜野井2,,,,,,,,,,,,5,0歳～2歳,,,,,,,,1,0,0,,,,1,,
122041,5,千葉県,船橋市,船橋旭こども園,フナバシアサヒコドモエン,認定こども園（保育所型）,千葉県船橋市夏見台5-7-13,,,,,,047-439-0010,,,,,,150,0歳～5歳,,,,,,,,6,1,0,1,0,0,8,35.730545 ,139.992825 
122041,6,千葉県,船橋市,田喜野井旭こども園,タキノイアサヒコドモエン,認定こども園（保育所型）,千葉県船橋市田喜野井4-30-12,,,,,,047-456-3180,,,,,,60,0歳～5歳,,,,,,,,10,3,0,0,0,0,13,35.703267 ,140.042440 
122041,7,千葉県,船橋市,認定こども園　不二幼稚園,ニンテイコドモエン　フジヨウチエン,認定こども園（保育所型）,千葉県船橋市飯山満町2-666,,,,,,047-466-2925,,,,,,318,0歳～5歳,,,,,,,,6,2,1,0,0,0,9,35.709871 ,140.021396 
122041,8,千葉県,船橋市,認定こども園おひさま,ニンテイコドモエンオヒサマ,認定こども園（保育所型）,千葉県船橋市前原西6-1-64,,,,,,047-476-7802,,,,,,79,0歳～5歳,,,,,,,,5,3,0,0,0,0,8,35.702927 ,140.023037 
122041,9,千葉県,船橋市,幼保連携型認定こども園　大浜幼稚園,ヨウホレンケイカタニンテイコドモエン　オオハマヨウチエン,認定こども園（幼保連携型）,千葉県船橋市薬円台4-6-3,,,,,,047-466-5720,,,,,,208,1歳～5歳,,,,,,,,,2,0,0,0,0,2,35.713386 ,140.046072 
122041,10,千葉県,船橋市,そらまめこども園　船橋駅前,ソラマメコドモエン　フナバシエキマエ,認定こども園（保育所型）,千葉県船橋市本町1-30-1,,,,,,047-405-9951,,,,,,111,0歳～5歳,,,,,,,,24,5,0,0,0,0,29,35.700362 ,139.983829 
122041,11,千葉県,船橋市,高根台文化こども園,タカネダイブンカコドモエン,認定こども園（保育所型）,千葉県船橋市高根台3-3-2,,,,,,047-466-2511,,,,,,210,1歳～5歳,,,,,,,,,2,3,1,0,0,6,35.731542 ,140.041850 
122041,12,千葉県,船橋市,幼保連携型認定こども園　二和ひつじ幼稚園,ヨウホレンケイカタニンテイコドモエン　フタワヒツジヨウチエン,認定こども園（幼保連携型）,千葉県船橋市二和東6-23-21,,,,,,047-447-2041,,,,,,144,3歳～5歳,,,,,,,,,,,0,0,0,0,35.755106 ,140.024883 
122041,13,千葉県,船橋市,モンテッソーリたんぽぽ子供の家,モンテッソーリタンポポコドモノイエ,認定こども園（保育所型）,千葉県船橋市前原西4-30-22,,,,,,047-478-9172,,,,,,41,3歳～5歳,,,,,,,,,,,0,0,0,0,35.698480 ,140.019320 
122041,14,千葉県,船橋市,小規模保育所　リトルキディ,ショウキボホイクジョ　リトルキディ,小規模保育所,千葉県船橋市坪井東3-10-1グランソシア船橋芽吹の杜内,,,,,,047-436-8011,,,,,,19,0歳～2歳,,,,,,,,2,0,0,,,,2,35.728485 ,140.061017 
122041,15,千葉県,船橋市,うみのほいくえん,ウミノホイクエン,小規模保育所,千葉県船橋市湊町2-2-20アソルティ船橋102/202,,,,,,047-468-8698,,,,,,19,0歳～2歳,,,,,,,,0,0,0,,,,0,35.695792 ,139.983968 
122041,16,千葉県,船橋市,パルパステル保育園,パルパステルホイクエン,小規模保育所,千葉県船橋市本町5-14-15 パルパステル,,,,,,047-460-6666,,,,,,19,0歳～2歳,,,,,,,,1,0,0,,,,1,35.701869 ,139.988624 
122041,17,千葉県,船橋市,キッズランド未来,キッズランドミライ,小規模保育所,千葉県船橋市二和東6-18-27　1階,,,,,,047-448-7735,,,,,,19,0歳～2歳,,,,,,,,2,0,0,,,,2,35.755899 ,140.024276 
122041,18,千葉県,船橋市,保育ルームキューティー,ホイクルームキューティー,小規模保育所,千葉県船橋市前原東5-18-4,,,,,,047-427-7643,,,,,,19,0歳～2歳,,,,,,,,0,0,0,,,,0,35.700653 ,140.031883 
122041,19,千葉県,船橋市,太陽の子　船橋三咲保育園,タイヨウノコ　フナバシミサキホイクエン,小規模保育所,千葉県船橋市南三咲1-20-10,,,,,,047-440-6585,,,,,,19,0歳～2歳,,,,,,,,2,0,0,,,,2,35.736036 ,140.023863 
122041,20,千葉県,船橋市,ひだまり滝台保育園,ヒダマリタキダイホイクエン,小規模保育所,千葉県船橋市滝台1-12-12,,,,,,047-436-8840,,,,,,18,0歳～2歳,,,,,,,,1,0,0,,,,1,35.707728 ,140.036775 
122041,21,千葉県,船橋市,京進のほいくえんHOPPA船橋駅園,キョウススムノホイクエンHOPPAフナバシエキエン,小規模保育所,千葉県船橋市本町4-7-17,,,,,,047-405-2613,,,,,,12,0歳～2歳,,,,,,,,1,0,0,,,,1,35.701015 ,139.990497 
122041,22,千葉県,船橋市,京進のほいくえんHOPPA津田沼園,キョウススムノホイクエンHOPPAツダヌマエン,小規模保育所,千葉県船橋市前原西2-7-9-2F,,,,,,047-409-9571,,,,,,19,0歳～2歳,,,,,,,,1,0,0,,,,1,35.692672 ,140.019084 
122041,23,千葉県,船橋市,リトル・清和,リトル・キヨカズ,小規模保育所,千葉県船橋市前貝塚町646-8,,,,,,047-404-7516,,,,,,15,1歳～2歳,,,,,,,,,0,0,,,,0,35.726264 ,139.975380 
122041,24,千葉県,船橋市,トレポンテ駅前保育園,トレポンテエキマエホイクエン,小規模保育所,千葉県船橋市本町6-8-1,,,,,,047-409-8816,,,,,,19,0歳～2歳,,,,,,,,6,2,0,,,,8,35.705341 ,139.985422 
122041,25,千葉県,船橋市,りりぱっとナーサリー津田沼園,リリパットナーサリーツダヌマエン,小規模保育所,千葉県船橋市前原西2-44-10,,,,,,047-405-2331,,,,,,19,0歳～2歳,,,,,,,,0,0,0,,,,0,35.694175 ,140.019041 
122041,26,千葉県,船橋市,りりぱっとナーサリー中山園,リリパットナーサリーナカヤマエン,小規模保育所,千葉県船橋市本中山2-23-16,,,,,,047-303-3038,,,,,,12,0歳～2歳,,,,,,,,0,0,0,,,,0,35.715089 ,139.942453 
122041,27,千葉県,船橋市,すずらん保育園,スズランホイクエン,小規模保育所,千葉県船橋市三山3-39-2,,,,,,047-409-9541,,,,,,19,0歳～2歳,,,,,,,,0,0,0,,,,0,35.697138 ,140.051560 
122041,28,千葉県,船橋市,健伸むぎの子保育園,ケンシンムギノコホイクエン,小規模保育所,千葉県船橋市丸山5-15-15,,,,,,047-404-8746,,,,,,19,0歳～2歳,,,,,,,,2,7,1,,,,10,35.746086 ,139.994611 
122041,29,千葉県,船橋市,クレヨンキッズ北習志野園,クレヨンキッズキタナラシノエン,小規模保育所,千葉県船橋市習志野台1-34-25,,,,,,047-456-4440,,,,,,19,1歳～2歳,,,,,,,,,0,0,,,,0,35.723085 ,140.040289 
122041,30,千葉県,船橋市,ココファン・ナーサリー西船橋,ココファン・ナーサリーニシフナハシ,小規模保育所,千葉県船橋市二子町610,,,,,,047-302-7761,,,,,,19,0歳～2歳,,,,,,,,0,0,0,,,,0,35.708669 ,139.948837 
122041,31,千葉県,船橋市,東船橋色葉保育園,ヒガシフナハシイロハホイクエン,小規模保育所,千葉県船橋市東船橋4-31-9,,,,,,047-460-2727,,,,,,11,0歳～2歳,,,,,,,,0,0,0,,,,0,35.699521 ,140.005158 
122041,32,千葉県,船橋市,リップル保育園西船橋,リップルホイクエンニシフナハシ,小規模保育所,千葉県船橋市葛飾町2-378-7,,,,,,047-401-5567,,,,,,19,0歳～2歳,,,,,,,,1,0,0,,,,1,35.707227 ,139.956057 
122041,33,千葉県,船橋市,ひかり保育園,ヒカリホイクエン,小規模保育所,千葉県船橋市習志野台4-3-9,,,,,,047-456-6370,,,,,,18,0歳～2歳,,,,,,,,2,0,0,,,,2,35.715433 ,140.044253 
122041,34,千葉県,船橋市,ミアヘルサ保育園ひびき新船橋第二,ミアヘルサホイクエンヒビキシンフナバシダイニ,小規模保育所,千葉県船橋市山手1-3-17,,,,,,047-409-9055,,,,,,19,0歳～2歳,,,,,,,,2,0,0,,,,2,35.711456 ,139.979950 
122041,35,千葉県,船橋市,やきがやなかよし保育園,ヤキガヤナカヨシホイクエン,小規模保育所,千葉県船橋市八木が谷2-18-1,,,,,,047-498-9367,,,,,,19,1歳～2歳,,,,,,,,,0,0,,,,0,35.760739 ,140.032752 
122041,36,千葉県,船橋市,サンヴェルデ保育園,サンヴェルデホイクエン,小規模保育所,千葉県船橋市緑台2-4-17,,,,,,047-402-2270,,,,,,19,1歳～2歳,,,,,,,,,0,0,,,,0,35.728843 ,140.015152 
122041,37,千葉県,船橋市,ひだまり保育園,ヒダマリホイクエン,小規模保育所,千葉県船橋市薬円台6-1-1,,,,,,047-404-8511,,,,,,18,0歳～2歳,,,,,,,,0,0,0,,,,0,35.710184 ,140.037553 
122041,38,千葉県,船橋市,こりんご保育園,コリンゴホイクエン,小規模保育所,千葉県船橋市東船橋1-38-3-2F,,,,,,047-406-4380,,,,,,15,0歳～2歳,,,,,,,,0,0,0,,,,0,35.699181 ,140.004063 
122041,39,千葉県,船橋市,保育ルームサンライズ船橋,ホイクルームサンライズフナバシ,小規模保育所,千葉県船橋市本町1-25-18,,,,,,047-422-0805,,,,,,18,0歳～2歳,,,,,,,,2,0,0,,,,2,35.700845 ,139.982058 
122041,40,千葉県,船橋市,キッズフィールド東船橋駅前園,キッズフィールドヒガシフナバシエキマエエン,小規模保育所,千葉県船橋市東船橋4-31-7-201,,,,,,047-407-3948,,,,,,19,0歳～2歳,,,,,,,,0,0,0,,,,0,35.699438 ,140.004948 
122041,41,千葉県,船橋市,オーチャード・キッズ船橋馬込沢園,オーチャード・キッズフナバシマゴメザワエン,小規模保育所,千葉県船橋市藤原7-3-1-5F,,,,,,047-468-8833,,,,,,19,0歳～2歳,,,,,,,,2,0,0,,,,2,35.741692 ,139.991865 
122041,42,千葉県,船橋市,すくすく北習志野ほいくえん,スクスクキタナラシノホイクエン,小規模保育所,千葉県船橋市習志野台3-17-16,,,,,,047-769-7739,,,,,,19,0歳～2歳,,,,,,,,0,0,0,,,,0,35.719497 ,140.044044 
122041,43,千葉県,船橋市,保育ステーション　ハミングバード,ホイクステーション　ハミングバード,小規模保育所,千葉県船橋市習志野台3-1-1-3F,,,,,,047-401-4795,,,,,,19,1歳～2歳,,,,,,,,,0,1,,,,1,35.721099 ,140.042446 
122041,44,千葉県,船橋市,前原ベイビーズ保育園,マエハラベイビーズホイクエン,小規模保育所,千葉県船橋市前原東5-16-15,,,,,,047-411-9185,,,,,,19,0歳～2歳,,,,,,,,0,2,0,,,,2,35.700078 ,140.030950 
122041,45,千葉県,船橋市,宮本第一保育園,ミヤモトダイイチホイクエン,公立保育園,千葉県船橋市宮本6-26-27,,,,,,047-422-5639,,,,船橋市,,126,0歳～5歳,,,,,,,,2,0,1,0,0,0,3,35.697922 ,139.995679 
122041,46,千葉県,船橋市,宮本第二保育園,ミヤモトダイニホイクエン,公立保育園,千葉県船橋市宮本8-9-10,,,,,,047-423-1304,,,,船橋市,,168,0歳～5歳,,,,,,,,8,0,0,0,0,0,8,35.691483 ,140.000104 
122041,47,千葉県,船橋市,若松保育園,ワカマツホイクエン,公立保育園,千葉県船橋市若松2-6-3,,,,,,047-433-4041,,,,船橋市,,168,0歳～5歳,,,,,,,,2,3,1,0,0,0,6,35.679139 ,139.997149 
122041,48,千葉県,船橋市,湊町保育園,ミナトチョウホイクエン,公立保育園,千葉県船橋市湊町1-16-23,,,,,,047-431-4961,,,,船橋市,,277,0歳～5歳,,,,,,,,10,2,1,0,0,0,13,35.692838 ,139.985127 
122041,49,千葉県,船橋市,千鳥保育園,チドリホイクエン,公立保育園,千葉県船橋市南本町13-1,,,,,,047-431-5061,,,,船橋市,,213,0歳～5歳,,,,,,,,15,3,0,1,1,0,20,35.698057 ,139.976935 
122041,50,千葉県,船橋市,中央保育園,チュウオウホイクエン,公立保育園,千葉県船橋市本町4-17-21,,,,,,047-422-4762,,,,船橋市,,209,0歳～5歳,,,,,,,,9,2,0,0,0,0,11,35.699930 ,139.988984 
122041,51,千葉県,船橋市,本町保育園,ホンマチホイクエン,公立保育園,千葉県船橋市本町6-7-18,,,,,,047-424-7011,,,,船橋市,,140,0歳～5歳,,,,,,,,11,2,2,1,0,0,16,35.705210 ,139.987444 
122041,52,千葉県,船橋市,海神第一保育園,カイジンダイイチホイクエン,公立保育園,千葉県船橋市海神2-13-25,,,,,,047-422-2462,,,,船橋市,,244,0歳～5歳,,,,,,,,21,1,0,0,0,0,22,35.704295 ,139.981581 
122041,53,千葉県,船橋市,海神第二保育園,カイジンダイニホイクエン,公立保育園,千葉県船橋市本町1-23-7,,,,,,047-435-0783,,,,船橋市,,75,0歳～5歳,,,,,,,,5,0,0,0,0,0,5,35.699987 ,139.981270 
122041,54,千葉県,船橋市,西船保育園,ニシフナホイクエン,公立保育園,千葉県船橋市西船6-1-24,,,,,,047-333-8187,,,,船橋市,,150,0歳～5歳,,,,,,,,10,2,2,0,0,0,14,35.713913 ,139.958122 
122041,55,千葉県,船橋市,本中山保育園,ホンナカヤマホイクエン,公立保育園,千葉県船橋市本中山5-6-1,,,,,,047-333-6451,,,,船橋市,,155,0歳～5歳,,,,,,,,9,0,1,1,0,0,11,35.707236 ,139.942625 
122041,56,千葉県,船橋市,若葉保育園,ワカバホイクエン,公立保育園,千葉県船橋市藤原7-41-1,,,,,,047-439-0472,,,,船橋市,,163,0歳～5歳,,,,,,,,31,3,8,0,0,0,42,35.744004 ,139.988008 
122041,57,千葉県,船橋市,行田保育園,ギョウダホイクエン,公立保育園,千葉県船橋市行田3-1-2,,,,,,047-439-5000,,,,船橋市,,201,0歳～5歳,,,,,,,,12,7,2,0,0,0,21,35.717036 ,139.969447 
122041,58,千葉県,船橋市,夏見第一保育園,ナツミダイイチホイクエン,公立保育園,千葉県船橋市夏見4-10-26,,,,,,047-422-5198,,,,船橋市,,147,0歳～5歳,,,,,,,,13,2,4,1,1,1,22,35.712894 ,139.992031 
122041,59,千葉県,船橋市,夏見第二保育園,ナツミダイニホイクエン,公立保育園,千葉県船橋市夏見台4-1-1,,,,,,047-439-6231,,,,船橋市,,150,0歳～5歳,,,,,,,,4,3,1,0,0,0,8,35.722828 ,139.992079 
122041,60,千葉県,船橋市,高根保育園,タカネホイクエン,公立保育園,千葉県船橋市新高根4-19-2,,,,,,047-463-1418,,,,船橋市,,165,0歳～5歳,,,,,,,,16,0,3,0,1,1,21,35.731913 ,140.026873 
122041,61,千葉県,船橋市,金杉台保育園,カナスギダイホイクエン,公立保育園,千葉県船橋市金杉台1-1-6,,,,,,047-447-0022,,,,船橋市,,120,0歳～5歳,,,,,,,,8,2,2,1,0,0,13,35.735244 ,140.011386 
122041,62,千葉県,船橋市,二和保育園,フタワホイクエン,公立保育園,千葉県船橋市二和東5-50-1,,,,,,047-447-0801,,,,船橋市,,147,0歳～5歳,,,,,,,,17,4,1,2,0,1,25,35.751493 ,140.025349 
122041,63,千葉県,船橋市,三山保育園,サンザンホイクエン,公立保育園,千葉県船橋市三山6-26-26,,,,,,047-476-2701,,,,船橋市,,162,0歳～5歳,,,,,,,,10,1,1,3,0,2,17,35.701420 ,140.058104 
122041,64,千葉県,船橋市,二宮保育園,ニノミヤホイクエン,公立保育園,千葉県船橋市前原西6-1-12,,,,,,047-472-1097,,,,船橋市,,195,0歳～5歳,,,,,,,,9,6,3,0,0,0,18,35.699956 ,140.019760 
122041,65,千葉県,船橋市,習志野台第一保育園,ナラシノダイダイイチホイクエン,公立保育園,千葉県船橋市習志野台2-50-3,,,,,,047-465-4124,,,,船橋市,,248,0歳～5歳,,,,,,,,36,3,1,1,1,0,42,35.723273 ,140.046244 
122041,66,千葉県,船橋市,習志野台第二保育園,ナラシノダイダイニホイクエン,公立保育園,千葉県船橋市習志野台6-7-1,,,,,,047-464-3818,,,,船橋市,,152,0歳～5歳,,,,,,,,8,2,1,3,0,0,14,35.726656 ,140.049602 
122041,67,千葉県,船橋市,高根台保育園,タカネダイホイクエン,公立保育園,千葉県船橋市高根台2-2-2,,,,,,047-466-2611,,,,船橋市,,200,0歳～5歳,,,,,,,,5,1,3,0,0,0,9,35.733850 ,140.031481 
122041,68,千葉県,船橋市,緑台保育園,ミドリダイホイクエン,公立保育園,千葉県船橋市緑台2-4-11,,,,,,047-447-9122,,,,船橋市,,120,0歳～5歳,,,,,,,,3,0,0,0,0,0,3,35.729931 ,140.013269 
122041,69,千葉県,船橋市,芝山第一保育園,シバヤマダイイチホイクエン,公立保育園,千葉県船橋市芝山3-10-4,,,,,,047-462-7575,,,,船橋市,,187,0歳～5歳,,,,,,,,18,3,4,1,0,0,26,35.717850 ,140.019475 
122041,70,千葉県,船橋市,小室保育園,コムロホイクエン,公立保育園,千葉県船橋市小室町3305,,,,,,047-457-1717,,,,船橋市,,120,0歳～5歳,,,,,,,,16,7,3,0,0,1,27,35.788141 ,140.076097 
122041,71,千葉県,船橋市,浜町保育園,ハママチホイクエン,公立保育園,千葉県船橋市浜町1-1-1,,,,,,047-431-3262,,,,船橋市,,143,0歳～5歳,,,,,,,,3,0,0,0,0,0,3,35.691239 ,139.989349 
122041,72,千葉県,船橋市,めぐみ保育園,メグミホイクエン,私立保育園,千葉県船橋市薬円台4-6-1,,,,,,047-466-0566,,,,,,222,0歳～5歳,,,,,,,,16,3,4,1,0,0,24,35.712419 ,140.046775 
122041,73,千葉県,船橋市,中山あけぼの保育園,ナカヤマアケボノホイクエン,私立保育園,千葉県船橋市本中山3-19-3,,,,,,047-334-9950,,,,,,170,0歳～5歳,,,,,,,,9,1,0,0,0,0,10,35.713203 ,139.942313 
122041,74,千葉県,船橋市,ひばり保育園,ヒバリホイクエン,私立保育園,千葉県船橋市松が丘1-33-4,,,,,,047-466-5915,,,,,,120,0歳～5歳,,,,,,,,3,0,0,0,0,0,3,35.735253 ,140.040021 
122041,75,千葉県,船橋市,杉の子保育園,スギノコホイクエン,私立保育園,千葉県船橋市新高根3-8-1,,,,,,047-465-2336,,,,,,120,0歳～5歳,,,,,,,,1,1,0,0,0,0,2,35.729631 ,140.022560 
122041,76,千葉県,船橋市,しらゆり保育園,シラユリホイクエン,私立保育園,千葉県船橋市北本町2-47-7,,,,,,047-422-5051,,,,,,100,0歳～5歳,,,,,,,,15,4,0,0,0,0,19,35.720777 ,139.984000 
122041,77,千葉県,船橋市,あすなろ保育園,アスナロホイクエン,私立保育園,千葉県船橋市二和西2-6-1,,,,,,047-447-0023,,,,,,120,0歳～5歳,,,,,,,,1,1,0,0,0,0,2,35.741980 ,140.014771 
122041,78,千葉県,船橋市,たかね台ベビーホーム,タカネダイベビーホーム,私立保育園,千葉県船橋市高根台1-9-23-201,,,,,,047-465-1100,,,,,,30,0歳～2歳,,,,,,,,5,0,0,,,,5,35.730606 ,140.030510 
122041,79,千葉県,船橋市,まこと保育園,マコトホイクエン,私立保育園,千葉県船橋市神保町275-34,,,,,,047-457-1685,,,,,,150,0歳～5歳,,,,,,,,4,2,3,0,0,0,9,35.764391 ,140.055900 
122041,80,千葉県,船橋市,まこと保育園分園,マコトホイクエンブンエン,私立保育園,千葉県船橋市習志野台2-73-9,,,,,,047-465-0230,,,,,,29,0歳～2歳,,,,,,,,2,0,0,,,,2,35.725274 ,140.045508 
122041,81,千葉県,船橋市,三咲小鳩保育園,ミサキコバトホイクエン,私立保育園,千葉県船橋市三咲3-6-2,,,,,,047-447-7612,,,,,,300,0歳～5歳,,,,,,,,19,2,4,1,1,0,27,35.753879 ,140.036454 
122041,82,千葉県,船橋市,てまり保育園,テマリホイクエン,私立保育園,千葉県船橋市藤原5-4-39,,,,,,047-438-0073,,,,,,130,0歳～5歳,,,,,,,,10,7,1,0,0,0,18,35.738814 ,139.979188 
122041,83,千葉県,船橋市,みどり保育園,ミドリホイクエン,私立保育園,千葉県船橋市市場4-12-3,,,,,,047-424-4152,,,,,,120,0歳～5歳,,,,,,,,8,3,1,0,0,0,12,35.703280 ,139.999396 
122041,84,千葉県,船橋市,三山つくし保育園,サンザンツクシホイクエン,私立保育園,千葉県船橋市三山9-31-7,,,,,,047-473-4435,,,,,,143,0歳～5歳,,,,,,,,1,0,0,0,1,0,2,35.693395 ,140.062584 
122041,85,千葉県,船橋市,アンデルセン保育園,アンデルセンホイクエン,私立保育園,千葉県船橋市習志野台7-8-21,,,,,,047-462-8111,,,,,,120,0歳～5歳,,,,,,,,6,1,2,0,0,0,9,35.727379 ,140.052193 
122041,86,千葉県,船橋市,やまびこ保育園,ヤマビコホイクエン,私立保育園,千葉県船橋市咲が丘2-11-5,,,,,,047-449-0225,,,,,,160,0歳～5歳,,,,,,,,7,1,1,0,0,0,9,35.760739 ,140.022211 
122041,87,千葉県,船橋市,弥生保育園,ヤヨイホイクエン,私立保育園,千葉県船橋市本中山3-4-18,,,,,,047-332-7280,,,,,,150,0歳～5歳,,,,,,,,5,0,0,0,0,0,5,35.710973 ,139.945285 
122041,88,千葉県,船橋市,かもめ保育園,カモメホイクエン,私立保育園,千葉県船橋市新高根6-43-3,,,,,,047-466-5553,,,,,,90,0歳～5歳,,,,,,,,2,0,2,0,0,0,4,35.727240 ,140.025719 
122041,89,千葉県,船橋市,かもめ保育園芝山分園,カモメホイクエンシバヤマブンエン,私立保育園,千葉県船橋市芝山3-10-8,,,,,,047-456-4353,,,,,,29,0歳～2歳,,,,,,,,3,1,0,,,,4,35.716047 ,140.020623 
122041,90,千葉県,船橋市,前原保育園,マエハラホイクエン,私立保育園,千葉県船橋市前原西8-23-5,,,,,,047-465-2429,,,,,,90,0歳～5歳,,,,,,,,0,1,0,0,0,0,1,35.703197 ,140.027082 
122041,91,千葉県,船橋市,ベル・ナーサリー,ベル・ナーサリー,私立保育園,千葉県船橋市行田1-49-1,,,,,,047-430-0086,,,,,,60,0歳～2歳,,,,,,,,3,1,0,,,,4,35.720927 ,139.978843 
122041,92,千葉県,船橋市,アンデルセン第二保育園,アンデルセンダイニホイクエン,私立保育園,千葉県船橋市習志野台5-43-3,,,,,,047-468-4686,,,,,,70,0歳～5歳,,,,,,,,0,1,0,0,0,0,1,35.718852 ,140.054360 
122041,93,千葉県,船橋市,西船みどり保育園,ニシセンミドリホイクエン,私立保育園,千葉県船橋市西船1-21-50,,,,,,047-435-4152,,,,,,100,0歳～5歳,,,,,,,,13,2,1,0,0,0,16,35.705750 ,139.963712 
122041,94,千葉県,船橋市,アリスなかよし保育園,アリスナカヨシホイクエン,私立保育園,千葉県船橋市西船2-29-28,,,,,,047-436-1212,,,,,,90,0歳～5歳,,,,,,,,5,1,0,0,0,0,6,35.713930 ,139.970257 
122041,95,千葉県,船橋市,ロータス保育園,ロータスホイクエン,私立保育園,千葉県船橋市藤原5-23-2,,,,,,047-439-6663,,,,,,60,0歳～5歳,,,,,,,,3,1,1,0,0,0,5,35.739785 ,139.982225 
122041,96,千葉県,船橋市,海神南保育園,カイジンミナミホイクエン,私立保育園,千葉県船橋市海神町南1-1627-2,,,,,,047-411-6543,,,,,,80,0歳～5歳,,,,,,,,1,0,0,0,0,0,1,35.700161 ,139.967623 
122041,97,千葉県,船橋市,前原ひまわり保育園,マエハラヒマワリホイクエン,私立保育園,千葉県船橋市前原西4-18-19,,,,,,047-474-7788,,,,,,110,0歳～5歳,,,,,,,,10,4,0,0,0,0,14,35.696685 ,140.016482 
122041,98,千葉県,船橋市,夏見台保育園,ナツミダイホイクエン,私立保育園,千葉県船橋市夏見台2-16-1,,,,,,047-429-7231,,,,,,60,0歳～5歳,,,,,,,,10,2,0,0,0,0,12,35.721282 ,139.996333 
122041,99,千葉県,船橋市,プレスクール・ベル,プレスクール・ベル,私立保育園,千葉県船橋市海神4-23-16,,,,,,047-410-0311,,,,,,100,3歳～5歳,,,,,,,,,,,0,0,0,0,35.709326 ,139.974908 
122041,100,千葉県,船橋市,みそら保育園,ミソラホイクエン,私立保育園,千葉県船橋市東中山2-1-20,,,,,,047-302-2505,,,,,,90,0歳～5歳,,,,,,,,15,3,4,0,0,0,22,35.714409 ,139.954308 
122041,101,千葉県,船橋市,さくら保育園,サクラホイクエン,私立保育園,千葉県船橋市二子町474,,,,,,047-302-8301,,,,,,120,0歳～5歳,,,,,,,,12,3,0,0,0,0,15,35.709718 ,139.950103 
122041,102,千葉県,船橋市,印内保育園,インナイホイクエン,私立保育園,千葉県船橋市印内2-2-31,,,,,,047-433-8368,,,,,,60,0歳～5歳,,,,,,,,1,0,0,0,0,0,1,35.714932 ,139.964962 
122041,103,千葉県,船橋市,船橋あおぞら保育園,フナバシアオゾラホイクエン,私立保育園,千葉県船橋市三咲3-12-55,,,,,,047-407-9870,,,,,,60,0歳～5歳,,,,,,,,5,2,1,0,0,0,8,35.753069 ,140.032420 
122041,104,千葉県,船橋市,船橋あおぞら保育園分園,フナバシアオゾラホイクエンブンエン,私立保育園,千葉県船橋市二和東6-16-10　エバラビル2階,,,,,,047-440-8977,,,,,,15,0歳～2歳,,,,,,,,0,0,0,,,,0,35.755468 ,140.022957 
122041,105,千葉県,船橋市,ククルなかよし保育園,ククルナカヨシホイクエン,私立保育園,千葉県船橋市夏見2-11-43,,,,,,047-424-0101,,,,,,150,0歳～5歳,,,,,,,,13,4,1,0,0,0,18,35.708960 ,139.987900 
122041,106,千葉県,船橋市,なないろ保育園,ナナイロホイクエン,私立保育園,千葉県船橋市行田1-39-5,,,,,,047-407-1201,,,,,,100,0歳～5歳,,,,,,,,5,2,2,0,0,0,9,35.722454 ,139.977821 
122041,107,千葉県,船橋市,ローゼンかみやま保育園,ローゼンカミヤマホイクエン,私立保育園,千葉県船橋市上山町2-288-1,,,,,,047-406-6010,,,,,,90,0歳～5歳,,,,,,,,4,2,1,0,0,0,7,35.732588 ,139.974414 
122041,108,千葉県,船橋市,こでまり保育園,コデマリホイクエン,私立保育園,千葉県船橋市藤原2-2-22,,,,,,047-703-7700,,,,,,60,0歳～5歳,,,,,,,,7,0,0,0,0,0,7,35.731560 ,139.967591 
122041,109,千葉県,船橋市,はさま保育園,ハサマホイクエン,私立保育園,千葉県船橋市飯山満町3-1512-1,,,,,,047-467-1999,,,,,,115,0歳～5歳,,,,,,,,11,1,1,0,0,0,13,35.711604 ,140.033798 
122041,110,千葉県,船橋市,美しが丘保育園,ウツクシガオカホイクエン,私立保育園,千葉県船橋市坪井東5-18-30,,,,,,047-457-8806,,,,,,60,0歳～5歳,,,,,,,,16,1,2,0,0,0,19,35.727950 ,140.062428 
122041,111,千葉県,船橋市,船橋ピコレール保育園,フナバシピコレールホイクエン,私立保育園,千葉県船橋市宮本2-6-26,,,,,,047-425-5057,,,,,,60,0歳～5歳,,,,,,,,5,0,0,0,0,0,5,35.694968 ,139.991076 
122041,112,千葉県,船橋市,なの花保育園,ナノハナホイクエン,私立保育園,千葉県船橋市飯山満町1-967-1,,,,,,047-405-9512,,,,,,90,0歳～5歳,,,,,,,,5,4,1,0,1,0,11,35.708952 ,140.015624 
122041,113,千葉県,船橋市,ベル・ナーサリー・アスール,ベル・ナーサリー・アスール,私立保育園,千葉県船橋市海神3-30-1,,,,,,047-432-1717,,,,,,60,0歳～5歳,,,,,,,,1,0,0,0,0,0,1,35.709409 ,139.978132 
122041,114,千葉県,船橋市,たちばな保育園,タチバナホイクエン,私立保育園,千葉県船橋市前原西2-24-10,,,,,,047-470-3745,,,,,,130,0歳～5歳,,,,,,,,29,1,3,1,0,0,34,35.693997 ,140.024239 
122041,115,千葉県,船橋市,南船橋保育園,ミナミフナバシホイクエン,私立保育園,千葉県船橋市若松2-3-15,,,,,,047-401-5115,,,,,,140,0歳～5歳,,,,,,,,3,1,3,1,0,0,8,35.679152 ,139.997170 
122041,116,千葉県,船橋市,高根台グリーンキディ保育園,タカネダイグリーンキディホイクエン,私立保育園,千葉県船橋市高根台2-10-5,,,,,,047-465-5900,,,,,,78,0歳～5歳,,,,,,,,19,0,2,1,0,0,22,35.732566 ,140.033310 
122041,117,千葉県,船橋市,アポロンの丘,アポロンノオカ,私立保育園,千葉県船橋市習志野台2-59-22,,,,,,047-404-5427,,,,,,48,0歳～2歳,,,,,,,,6,0,0,,,,6,35.727684 ,140.047038 
122041,118,千葉県,船橋市,リサ保育園,リサホイクエン,私立保育園,千葉県船橋市海神町南1-728,,,,,,047-404-5621,,,,,,90,0歳～5歳,,,,,,,,24,2,1,0,0,0,27,35.703459 ,139.960445 
122041,119,千葉県,船橋市,シーガル保育園,シーガルホイクエン,私立保育園,千葉県船橋市飯山満町2-1007-1,,,,,,047-404-7611,,,,,,120,0歳～5歳,,,,,,,,17,2,2,0,0,0,21,35.713399 ,140.021406 
122041,120,千葉県,船橋市,敬心ゆめ保育園,ケイココロユメホイクエン,私立保育園,千葉県船橋市東船橋3-15-8,,,,,,047-411-5725,,,,,,110,0歳～5歳,,,,,,,,19,6,1,0,0,0,26,35.700741 ,140.009063 
122041,121,千葉県,船橋市,ゆいまーる保育園,ユイマールホイクエン,私立保育園,千葉県船橋市北本町1-12-8,,,,,,047-424-7711,,,,,,140,0歳～5歳,,,,,,,,8,3,1,0,0,0,12,35.712589 ,139.981796 
122041,122,千葉県,船橋市,ナーサリー木の実,ナーサリーキノミ,私立保育園,千葉県船橋市坪井東4-7-60,,,,,,047-497-8457,,,,,,90,0歳～5歳,,,,,,,,16,4,2,0,0,0,22,35.724440 ,140.062557 
122041,123,千葉県,船橋市,丸山旭保育園,マルヤマアサヒホイクエン,私立保育園,千葉県船橋市丸山5-33-25,,,,,,047-438-3383,,,,,,80,0歳～5歳,,,,,,,,18,1,3,0,0,0,22,35.742816 ,139.993656 
122041,124,千葉県,船橋市,あまねの杜保育園,アマネノモリホイクエン,私立保育園,千葉県船橋市行田2-9-10,,,,,,047-401-5011,,,,,,160,0歳～5歳,,,,,,,,15,5,2,0,1,0,23,35.722828 ,139.971979 
122041,125,千葉県,船橋市,あい・あい保育園　宮本園,アイ・アイホイクエン　ミヤモトエン,私立保育園,千葉県船橋市宮本3-9-4,,,,,,047-401-0271,,,,,,74,0歳～5歳,,,,,,,,1,0,0,0,0,0,1,35.690598 ,139.994815 
122041,126,千葉県,船橋市,東船橋ちとせ保育園,ヒガシフナバシチトセホイクエン,私立保育園,千葉県船橋市東船橋1-16-25,,,,,,047-423-5717,,,,,,100,0歳～5歳,,,,,,,,7,0,0,0,0,0,7,35.697064 ,140.003747 
122041,127,千葉県,船橋市,船橋どろんこ保育園,フナバシドロンコホイクエン,私立保育園,千葉県船橋市本町6-8-9,,,,,,047-429-8140,,,,,,110,0歳～5歳,,,,,,,,12,1,0,0,0,0,13,35.705541 ,139.986135 
122041,128,千葉県,船橋市,グローバルキッズ コトニア西船橋園,グローバルキッズ コトニアニシフナバシエン,私立保育園,千葉県船橋市東中山1-19-13,,,,,,047-336-6661,,,,,,90,0歳～5歳,,,,,,,,3,0,0,0,0,0,3,35.712171 ,139.948472 
122041,129,千葉県,船橋市,船橋ハーモニー保育園,フナバシハーモニーホイクエン,私立保育園,千葉県船橋市前原東5-8-8,,,,,,047-429-8802,,,,,,105,0歳～5歳,,,,,,,,8,2,1,0,0,0,11,35.703563 ,140.033412 
122041,130,千葉県,船橋市,ミアヘルサ保育園ひびき新船橋,ミアヘルサホイクエンヒビキシンフナバシ,私立保育園,千葉県船橋市海神3-26-30,,,,,,047-401-3875,,,,,,100,0歳～5歳,,,,,,,,2,0,0,0,0,0,2,35.709779 ,139.979323 
122041,131,千葉県,船橋市,えがおの森保育園・にしふなばし,エガオノモリホイクエン・ニシフナバシ,私立保育園,千葉県船橋市本郷町430,,,,,,047-332-0581,,,,,,92,0歳～5歳,,,,,,,,3,0,0,0,0,0,3,35.707806 ,139.954668 
122041,132,千葉県,船橋市,薬園台・学びの保育園,ヤクエンダイ・マナビノホイクエン,私立保育園,千葉県船橋市薬円台5-6-7,,,,,,047-402-4680,,,,,,71,0歳～5歳,,,,,,,,4,3,1,0,0,0,8,35.710254 ,140.039104 
122041,133,千葉県,船橋市,あい・あい保育園　北習志野園,アイ・アイホイクエン　キタナラシノエン,私立保育園,千葉県船橋市西習志野3-27-7,,,,,,047-404-7771,,,,,,56,0歳～5歳,,,,,,,,6,0,0,0,0,0,6,35.721374 ,140.041695 
122041,134,千葉県,船橋市,船橋光の子保育園,フナバシヒカリノコホイクエン,私立保育園,千葉県船橋市丸山1-3-3,,,,,,047-406-7055,,,,,,50,0歳～5歳,,,,,,,,0,1,0,0,0,0,1,35.743569 ,139.991173 
122041,135,千葉県,船橋市,船橋法典すきっぷ保育園,フナバシホウテンスキップホイクエン,私立保育園,千葉県船橋市藤原1-3-10,,,,,,047-382-5917,,,,,,65,0歳～5歳,,,,,,,,7,0,1,0,0,0,8,35.729287 ,139.963616 
122041,136,千葉県,船橋市,あい・あい保育園　船橋法典園,アイ・アイホイクエン　フナバシホウテンエン,私立保育園,千葉県船橋市上山町1-223-4,,,,,,047-382-5357,,,,,,60,0歳～5歳,,,,,,,,2,2,3,0,0,0,7,35.730428 ,139.970477 
122041,137,千葉県,船橋市,あい・あい保育園　西船橋園,アイ・アイホイクエン　ニシフナバシエン,私立保育園,千葉県船橋市西船5-26-25,,,,,,047-307-9202,,,,,,60,0歳～5歳,,,,,,,,5,2,0,0,0,0,7,35.709906 ,139.956980 
122041,138,千葉県,船橋市,にじいろ保育園薬円台,ニジイロホイクエンヤクエンダイ,私立保育園,千葉県船橋市薬円台1-24-1,,,,,,047-402-4033,,,,,,77,0歳～5歳,,,,,,,,2,1,0,0,0,0,3,35.707902 ,140.043218 
122041,139,千葉県,船橋市,塚田ここわ保育園,ツカダココワホイクエン,私立保育園,千葉県船橋市北本町2-41-20,,,,,,047-407-0243,,,,,,60,0歳～5歳,,,,,,,,5,1,0,0,0,0,6,35.719131 ,139.981168 
122041,140,千葉県,船橋市,ブルゥミング保育園,ブルゥミングホイクエン,私立保育園,千葉県船橋市宮本1-8-11,,,,,,047-409-9996,,,,,,90,0歳～5歳,,,,,,,,2,0,0,0,0,0,2,35.699281 ,139.991789 
122041,141,千葉県,船橋市,そらまめ保育園　新船橋,ソラマメホイクエン　シンフナバシ,私立保育園,千葉県船橋市北本町1-17-22,,,,,,047-455-8682,,,,,,90,0歳～5歳,,,,,,,,0,1,0,0,0,0,1,35.709880 ,139.982783 
122041,142,千葉県,船橋市,まなびの森保育園飯山満,マナビノモリホイクエンハサマ,私立保育園,千葉県船橋市二宮1-71-30,,,,,,047-466-7788,,,,,,60,0歳～5歳,,,,,,,,5,2,1,0,0,0,8,35.711016 ,140.027951 
122041,143,千葉県,船橋市,グリュック保育園,グリュックホイクエン,私立保育園,千葉県船橋市東船橋1-26-10,,,,,,047-424-3741,,,,,,60,0歳～5歳,,,,,,,,10,0,0,0,0,0,10,35.698885 ,140.003752 
122041,144,千葉県,船橋市,ゆめのもり保育園,ユメノモリホイクエン,私立保育園,千葉県船橋市前原西7-1-19,,,,,,047-406-4700,,,,,,60,0歳～5歳,,,,,,,,6,2,0,0,0,0,8,35.697813 ,140.024984 
122041,145,千葉県,船橋市,船橋どろんこ保育園分園,フナバシドロンコホイクエンブンエン,私立保育園,千葉県船橋市本町5-18-25,,,,,,047-409-2871,,,,,,30,0歳～2歳,,,,,,,,0,0,0,,,,0,35.701420 ,139.988925 
122041,146,千葉県,船橋市,太陽の子　塚田保育園,タイヨウノコ　ツカダホイクエン,私立保育園,千葉県船橋市行田町352-5,,,,,,047-406-6006,,,,,,75,0歳～5歳,,,,,,,,28,4,1,0,0,0,33,35.723421 ,139.981307 
122041,147,千葉県,船橋市,まなびの森保育園東船橋,マナビノモリホイクエンヒガシフナハシ,私立保育園,千葉県船橋市東船橋1-18-12,,,,,,047-411-1155,,,,,,80,0歳～5歳,,,,,,,,24,3,2,0,0,0,29,35.698270 ,140.004095 
122041,148,千葉県,船橋市,りんごのき保育園,リンゴノキホイクエン,私立保育園,千葉県船橋市東船橋1-24-15 グレイス東船橋1階,,,,,,047-411-8054,,,,,,40,0歳～5歳,,,,,,,,1,0,0,0,0,0,1,35.698257 ,140.001682 
122041,149,千葉県,船橋市,新船橋ここわ保育園,シンフナバシココワホイクエン,私立保育園,千葉県船橋市海神5-29-61,,,,,,047-402-6431,,,,,,60,0歳～5歳,,,,,,,,3,0,1,0,0,0,4,35.711326 ,139.970289 
122041,150,千葉県,船橋市,西船橋すきっぷ保育園,ニシフナバシスキップホイクエン,私立保育園,千葉県船橋市西船4-12-20,,,,,,047-401-6251,,,,,,65,0歳～5歳,,,,,,,,7,0,0,0,0,0,7,35.710228 ,139.959828 
122041,151,千葉県,船橋市,ラブキッズ,ラブキッズ,私立保育園,千葉県船橋市行田3-2-21,,,,,,047-429-1212,,,,,,70,0歳～5歳,,,,,,,,4,1,1,1,0,0,7,35.718399 ,139.970745 
122041,152,千葉県,船橋市,ゆめわかば保育園,ユメワカバホイクエン,私立保育園,千葉県船橋市前原東2-18-41,,,,,,047-406-4421,,,,,,70,0歳～5歳,,,,,,,,4,4,1,1,0,0,10,35.697778 ,140.031116 
122041,153,千葉県,船橋市,たんぽぽ西船橋駅前保育園,タンポポニシフナバシエキマエホイクエン,私立保育園,千葉県船橋市印内町631-1,,,,,,047-420-3017,,,,,,80,0歳～5歳,,,,,,,,4,1,0,0,0,0,5,35.705005 ,139.957656 
122041,154,千葉県,船橋市,たんぽぽ海神町南保育園,タンポポカイジンチョウミナミホイクエン,私立保育園,千葉県船橋市海神町南1-1428-20,,,,,,047-495-6200,,,,,,60,0歳～5歳,,,,,,,,5,0,0,0,0,0,5,35.702239 ,139.963117 
122041,155,千葉県,船橋市,船橋くれよん保育園,フナバシクレヨンホイクエン,私立保育園,千葉県船橋市坪井東2-13-27,,,,,,047-460-9926,,,,,,60,1歳～5歳,,,,,,,,,0,0,0,0,0,0,35.729304 ,140.059966 
122041,156,千葉県,船橋市,Milky Way International Nursery School 新船橋校,Milky Way International Nursery School シンフナバシコウ,私立保育園,千葉県船橋市夏見3-20-11,,,,,,047-455-3225,,,,,,80,0歳～5歳,,,,,,,,6,4,1,0,0,0,11,35.713935 ,139.986597 
122041,157,千葉県,船橋市,西船橋雲母保育園,ニシフナバシキララホイクエン,私立保育園,千葉県船橋市本郷町456-1-2F,,,,,,047-709-4300,,,,,,60,0歳～5歳,,,,,,,,1,0,0,0,0,0,1,35.708233 ,139.953638 
122041,158,千葉県,船橋市,そらまめ保育園　西船橋,ソラマメホイクエン　ニシフナバシ,私立保育園,千葉県船橋市海神6-16-11,,,,,,047-497-8285,,,,,,75,0歳～5歳,,,,,,,,7,0,0,0,0,0,7,35.706229 ,139.968787 
122041,159,千葉県,船橋市,まなびの森保育園船橋競馬場駅前,マナビノモリホイクエンフナバシケイバジョウエキマエ,私立保育園,千葉県船橋市宮本9-1-11,,,,,,047-402-4402,,,,,,140,0歳～5歳,,,,,,,,8,2,1,0,0,0,11,35.689601 ,139.997138 
122041,160,千葉県,船橋市,ポポラー千葉新船橋園,ポポラーチバシンフナバシエン,私立保育園,千葉県船橋市北本町1-12-17-2F,,,,,,047-460-3040,,,,,,50,0歳～5歳,,,,,,,,2,0,0,0,0,0,2,35.711953 ,139.981560 
122041,161,千葉県,船橋市,船橋うめのき保育園,フナバシウメノキホイクエン,私立保育園,千葉県船橋市上山町1-225-3,,,,,,047-710-5431,,,,,,60,0歳～5歳,,,,,,,,3,0,0,0,0,0,3,35.730693 ,139.970300 
122041,162,千葉県,船橋市,ミアヘルサ保育園ひびき新船橋北,ミアヘルサホイクエンヒビキシンフナバシキタ,私立保育園,千葉県船橋市山手1-1-11,,,,,,047-498-9370,,,,,,75,0歳～5歳,,,,,,,,2,0,0,0,0,0,2,35.715246 ,139.980369 
122041,163,千葉県,船橋市,船橋こどもの木保育園,フナバシコドモノキホイクエン,私立保育園,千葉県船橋市西習志野2-6-1,,,,,,047-468-8207,,,,,,60,0歳～5歳,,,,,,,,12,5,2,1,0,0,20,35.725598 ,140.035064 
122041,164,千葉県,船橋市,船橋馬込沢雲母保育園,フナバシマゴメザワキララホイクエン,私立保育園,千葉県船橋市上山町2-487-1,,,,,,047-430-2424,,,,,,60,0歳～5歳,,,,,,,,6,1,0,0,0,0,7,35.736267 ,139.980422 
122041,165,千葉県,船橋市,京進のほいくえん　ＨＯＰＰＡ前原西,キョウススムノホイクエン　ＨＯＰＰＡマエハラニシ,私立保育園,千葉県船橋市前原西4-12-15,,,,,,047-489-5260,,,,,,70,0歳～5歳,,,,,,,,2,0,0,0,0,0,2,35.698527 ,140.015559 
122041,166,千葉県,船橋市,ここみ保育園,ココミホイクエン,私立保育園,千葉県船橋市海神1-8-9,,,,,,047-432-2904,,,,,,40,0歳～5歳,,,,,,,,3,0,0,0,0,0,3,35.700270 ,139.980336 
122041,167,千葉県,船橋市,共同保育所子どもの家,キョウドウホイクジョコドモノイエ,私立保育園,千葉県船橋市本町5-15-9,,,,,,047-423-1770,,,,,,50,0歳～5歳,,,,,,,,0,0,0,0,0,0,0,35.702557 ,139.990266 
122041,168,千葉県,船橋市,ベル・ナーサリー　塚田,ベル・ナーサリー　ツカダ,私立保育園,千葉県船橋市行田1-50-31,,,,,,047-401-3930,,,,,,150,0歳～5歳,,,,,,,,4,3,0,0,0,0,7,35.719061 ,139.978201 
122041,169,千葉県,船橋市,東船橋雲母保育園,ヒガシフナハシキララホイクエン,私立保育園,千葉県船橋市東船橋3-36-13,,,,,,047-460-5130,,,,,,60,0歳～5歳,,,,,,,,6,1,0,0,0,0,7,35.702392 ,140.006703 
